run_id,scope_level,agency_name,domain,archetype_primary,nexo_project_count,web_project_count,matched_project_count,coverage_critical_pct,requires_playwright,extraction_cost_level,viability_score,final_decision,included_in_mvp,condition_or_exclusion_reason,next_action
webs_propias_phase9_2026-06-14T20-43-58-350Z,MVP condicionado / enriquecimiento,ABRIL GRUPO INMOBILIARIO,abril.pe,wordpress_sitemap_rest_html,30,50,1,39,false,low_medium,72,Go condicionado,false,Inclusion condicionada: 2 campos requieren revision humana; 16 campos criticos no observados en muestra.,Completar revision de campos/matching y definir regla de inclusion.
webs_propias_phase9_2026-06-14T20-43-58-350Z,MVP condicionado / enriquecimiento,EE INMOBILIARIA,eeinmobiliaria.com,wordpress_sitemap_rest_html,28,30,2,41,false,low_medium,73,Go condicionado,false,Inclusion condicionada: 2 campos requieren revision humana; 16 campos criticos no observados en muestra.,Completar revision de campos/matching y definir regla de inclusion.
webs_propias_phase9_2026-06-14T20-43-58-350Z,Backlog posterior,TALE INMOBILIARIA,,discovery_pending,17,0,0,0,false,unknown,0,Discovery pendiente,false,Web oficial no confirmada.,Confirmar dominio oficial o mantener fuera del MVP inicial.
webs_propias_phase9_2026-06-14T20-43-58-350Z,MVP condicionado / enriquecimiento,ALBAMAR GRUPO INMOBILIARIO,albamar.com.pe,wordpress_sitemap_rest_html,16,29,0,50,false,low_medium,76,Go condicionado,false,Inclusion condicionada: 1 campos requieren revision humana; 7 campos criticos no observados en muestra.,Completar revision de campos/matching y definir regla de inclusion.
webs_propias_phase9_2026-06-14T20-43-58-350Z,Fuera de alcance,PAZ,paz.pe,embedded_json_html,15,0,0,0,false,medium,37,No-go técnico,false,No hay URLs candidatas de proyecto para extraer.,Excluir del MVP automatizado o reevaluar solo si cambia la evidencia.
webs_propias_phase9_2026-06-14T20-43-58-350Z,MVP condicionado / enriquecimiento,V&V GRUPO INMOBILIARIO,vyv.pe,wordpress_sitemap_rest_html,15,40,1,43,false,low_medium,77,Go condicionado,false,Inclusion condicionada: 2 campos requieren revision humana; 7 campos criticos no observados en muestra.,Completar revision de campos/matching y definir regla de inclusion.
webs_propias_phase9_2026-06-14T20-43-58-350Z,MVP condicionado / enriquecimiento,GRUPO MG,grupomg.pe,wordpress_sitemap_rest_html,14,40,2,43,false,low_medium,76,Go condicionado,false,Inclusion condicionada: 1 campos requieren revision humana; 16 campos criticos no observados en muestra.,Completar revision de campos/matching y definir regla de inclusion.
webs_propias_phase9_2026-06-14T20-43-58-350Z,MVP condicionado / enriquecimiento,GRUPO T&C,grupotyc.com,wordpress_sitemap_rest_html,14,30,0,45,false,low_medium,71,Go condicionado,false,Inclusion condicionada: 1 campos requieren revision humana; 14 campos criticos no observados en muestra.,Completar revision de campos/matching y definir regla de inclusion.
webs_propias_phase9_2026-06-14T20-43-58-350Z,MVP condicionado / enriquecimiento,EDIFICA,edifica.com.pe,embedded_json_html,13,29,0,57,false,medium,71,Go condicionado,false,Inclusion condicionada: 6 campos criticos no observados en muestra.,Completar revision de campos/matching y definir regla de inclusion.
webs_propias_phase9_2026-06-14T20-43-58-350Z,Fuera de alcance,URBANA PERÚ,mailparser.io,wordpress_sitemap_rest_html,11,0,0,0,false,low_medium,40,No-go técnico,false,No hay URLs candidatas de proyecto para extraer.,Excluir del MVP automatizado o reevaluar solo si cambia la evidencia.
webs_propias_phase9_2026-06-14T20-43-58-350Z,Backlog posterior,CISSAC,,discovery_pending,10,0,0,0,false,unknown,0,Discovery pendiente,false,Web oficial no confirmada.,Confirmar dominio oficial o mantener fuera del MVP inicial.
webs_propias_phase9_2026-06-14T20-43-58-350Z,Fuera de alcance,IMAGINA,imagina.pe,blocked_or_restricted,10,19,0,0,false,not_allowed,13,No-go técnico,false,"Acceso bloqueado, login/CAPTCHA o sitio no estructurable sin evasion permitida.",Excluir del MVP automatizado o reevaluar solo si cambia la evidencia.
webs_propias_phase9_2026-06-14T20-43-58-350Z,Fuera de alcance,LIDER,lider.com.pe,embedded_json_html,10,0,0,0,false,medium,32,No-go técnico,false,No hay URLs candidatas de proyecto para extraer.,Excluir del MVP automatizado o reevaluar solo si cambia la evidencia.
webs_propias_phase9_2026-06-14T20-43-58-350Z,MVP automatizable,HL DESARROLLOS INMOBILIARIOS,hldi.pe,wordpress_sitemap_rest_html,9,22,0,79,false,low_medium,80,Go,true,"Incluido en MVP automatizable con muestra Fase 5, trazabilidad y score suficientes.",Pasar a Fase 10 y preparar automatizacion MVP.
webs_propias_phase9_2026-06-14T20-43-58-350Z,MVP automatizable,INVENT INMOBILIARIA,invent.com.pe,embedded_json_html,9,24,1,71,false,medium,84,Go,true,"Incluido en MVP automatizable con muestra Fase 5, trazabilidad y score suficientes.",Pasar a Fase 10 y preparar automatizacion MVP.
webs_propias_phase9_2026-06-14T20-43-58-350Z,MVP condicionado / enriquecimiento,REYNA INMOBILIARIA,reynainmobiliaria.pe,wordpress_sitemap_rest_html,9,7,1,32,false,low_medium,63,Go condicionado,false,Inclusion condicionada: 1 campos requieren revision humana; 18 campos criticos no observados en muestra.,Completar revision de campos/matching y definir regla de inclusion.
webs_propias_phase9_2026-06-14T20-43-58-350Z,Fuera de alcance,BESCO,besco.com.pe,blocked_or_restricted,8,12,0,0,false,not_allowed,13,No-go técnico,false,"Acceso bloqueado, login/CAPTCHA o sitio no estructurable sin evasion permitida.",Excluir del MVP automatizado o reevaluar solo si cambia la evidencia.
webs_propias_phase9_2026-06-14T20-43-58-350Z,MVP condicionado / enriquecimiento,COSAPI,cosapiinmobiliaria.com.pe,wordpress_sitemap_rest_html,8,32,2,64,false,low_medium,88,Go condicionado,false,Inclusion condicionada: 2 campos requieren revision humana; 5 campos criticos no observados en muestra.,Completar revision de campos/matching y definir regla de inclusion.
webs_propias_phase9_2026-06-14T20-43-58-350Z,Fuera de alcance,Cygnus Grupo Inmobiliario,constructoracygnus.com,wordpress_sitemap_rest_html,8,0,0,0,false,low_medium,35,No-go técnico,false,No hay URLs candidatas de proyecto para extraer.,Excluir del MVP automatizado o reevaluar solo si cambia la evidencia.
webs_propias_phase9_2026-06-14T20-43-58-350Z,MVP condicionado / enriquecimiento,GRUPO SOL,gruposol.com.pe,wordpress_sitemap_rest_html,8,27,2,57,false,low_medium,86,Go condicionado,false,Inclusion condicionada: 1 campos requieren revision humana; 6 campos criticos no observados en muestra.,Completar revision de campos/matching y definir regla de inclusion.
webs_propias_phase9_2026-06-14T20-43-58-350Z,MVP condicionado / enriquecimiento,GRUPO TyC,grupotyc.com,wordpress_sitemap_rest_html,8,10,1,45,false,low_medium,69,Go condicionado,false,Inclusion condicionada: 1 campos requieren revision humana; 14 campos criticos no observados en muestra.,Completar revision de campos/matching y definir regla de inclusion.
webs_propias_phase9_2026-06-14T20-43-58-350Z,MVP condicionado / enriquecimiento,MADRID INMOBILIARIA,madridinmobiliaria.pe,embedded_json_html,8,13,0,64,false,medium,71,Go condicionado,false,Inclusion condicionada: 5 campos criticos no observados en muestra.,Completar revision de campos/matching y definir regla de inclusion.
webs_propias_phase9_2026-06-14T20-43-58-350Z,Fuera de alcance,GRUPO LAR,grupolar.com,wordpress_sitemap_rest_html,7,2,0,0,false,low_medium,22,No-go legal/operativo,false,Restriccion legal/operativa: robots_disallow_relevant_paths.,Enviar a revision legal/operativa antes de cualquier automatizacion.
webs_propias_phase9_2026-06-14T20-43-58-350Z,MVP condicionado / enriquecimiento,ACTUAL,actual.pe,wordpress_sitemap_rest_html,6,40,2,64,false,low_medium,90,Go condicionado,false,Inclusion condicionada: 1 campos requieren revision humana; 5 campos criticos no observados en muestra.,Completar revision de campos/matching y definir regla de inclusion.
webs_propias_phase9_2026-06-14T20-43-58-350Z,MVP condicionado / enriquecimiento,CONSTRUCTORA INARCO,inarco.com.pe,wordpress_sitemap_rest_html,6,7,0,50,false,low_medium,67,Go condicionado,false,Inclusion condicionada: 7 campos criticos no observados en muestra.,Completar revision de campos/matching y definir regla de inclusion.
webs_propias_phase9_2026-06-14T20-43-58-350Z,Fuera de alcance,FORTEM GESTORA INMOBILIARIA,fortem.com.pe,embedded_json_html,6,0,0,0,false,medium,37,No-go técnico,false,No hay URLs candidatas de proyecto para extraer.,Excluir del MVP automatizado o reevaluar solo si cambia la evidencia.
webs_propias_phase9_2026-06-14T20-43-58-350Z,Fuera de alcance,GRUPO CARAL,canal-soporte.com,playwright_rendered_html,6,0,0,0,true,high,25,No-go técnico,false,No hay URLs candidatas de proyecto para extraer.,Excluir del MVP automatizado o reevaluar solo si cambia la evidencia.
webs_propias_phase9_2026-06-14T20-43-58-350Z,MVP condicionado / enriquecimiento,GRV CORPORATIVA,grvcorp.com,wordpress_sitemap_rest_html,6,29,0,50,false,low_medium,73,Go condicionado,false,Inclusion condicionada: 2 campos requieren revision humana; 7 campos criticos no observados en muestra.,Completar revision de campos/matching y definir regla de inclusion.
webs_propias_phase9_2026-06-14T20-43-58-350Z,MVP condicionado / enriquecimiento,INMGENIO,inmgenio.pe,wordpress_sitemap_rest_html,6,32,0,54,false,low_medium,72,Go condicionado,false,Inclusion condicionada: 2 campos requieren revision humana; 6 campos criticos no observados en muestra.,Completar revision de campos/matching y definir regla de inclusion.
webs_propias_phase9_2026-06-14T20-43-58-350Z,MVP condicionado / enriquecimiento,AURORA GRUPO INMOBILIARIO,grupoaurora.pe,wordpress_sitemap_rest_html,5,35,0,57,false,low_medium,80,Go condicionado,false,Inclusion condicionada: 2 campos requieren revision humana; 5 campos criticos no observados en muestra.,Completar revision de campos/matching y definir regla de inclusion.
webs_propias_phase9_2026-06-14T20-43-58-350Z,MVP condicionado / enriquecimiento,AVENIR GRUPO INMOBILIARIO,avenir.pe,embedded_json_html,5,10,0,46,false,medium,68,Go condicionado,false,Inclusion condicionada: 1 campos requieren revision humana; 7 campos criticos no observados en muestra.,Completar revision de campos/matching y definir regla de inclusion.
webs_propias_phase9_2026-06-14T20-43-58-350Z,MVP automatizable,CANTABRIA,inmobiliariacantabria.com,wordpress_sitemap_rest_html,5,35,2,79,false,low_medium,94,Go,true,"Incluido en MVP automatizable con muestra Fase 5, trazabilidad y score suficientes.",Pasar a Fase 10 y preparar automatizacion MVP.
webs_propias_phase9_2026-06-14T20-43-58-350Z,Backlog posterior,CIUDARIS,,discovery_pending,5,0,0,0,false,unknown,0,Discovery pendiente,false,Web oficial no confirmada.,Confirmar dominio oficial o mantener fuera del MVP inicial.
webs_propias_phase9_2026-06-14T20-43-58-350Z,Backlog posterior,DOMUN INMOBILIARIA,,discovery_pending,5,0,0,0,false,unknown,0,Discovery pendiente,false,Web oficial no confirmada.,Confirmar dominio oficial o mantener fuera del MVP inicial.
webs_propias_phase9_2026-06-14T20-43-58-350Z,MVP condicionado / enriquecimiento,EVERGRAN GRUPO INMOBILIARIO,evergran.pe,embedded_json_html,5,13,1,64,false,medium,80,Go condicionado,false,Inclusion condicionada: 2 campos requieren revision humana; 5 campos criticos no observados en muestra.,Completar revision de campos/matching y definir regla de inclusion.
webs_propias_phase9_2026-06-14T20-43-58-350Z,MVP condicionado / enriquecimiento,FRONTERA,frontera.pe,wordpress_sitemap_rest_html,5,31,1,43,false,low_medium,77,Go condicionado,false,Inclusion condicionada: 1 campos requieren revision humana; 6 campos criticos no observados en muestra.,Completar revision de campos/matching y definir regla de inclusion.
webs_propias_phase9_2026-06-14T20-43-58-350Z,MVP condicionado / enriquecimiento,GDC INMOBILIARIA,gdcinmobiliaria.pe,wordpress_sitemap_rest_html,5,36,1,64,false,low_medium,82,Go condicionado,false,Inclusion condicionada: 1 campos requieren revision humana; 5 campos criticos no observados en muestra.,Completar revision de campos/matching y definir regla de inclusion.
webs_propias_phase9_2026-06-14T20-43-58-350Z,MVP automatizable,INHOUSE,inhouse.com.pe,embedded_json_html,5,9,0,71,false,medium,70,Go,true,"Incluido en MVP automatizable con muestra Fase 5, trazabilidad y score suficientes.",Pasar a Fase 10 y preparar automatizacion MVP.
webs_propias_phase9_2026-06-14T20-43-58-350Z,MVP condicionado / enriquecimiento,LOS PORTALES DEPARTAMENTOS,losportales.com.pe,wordpress_sitemap_rest_html,5,2,0,54,false,low_medium,66,Go condicionado,false,Inclusion condicionada: 6 campos criticos no observados en muestra.,Completar revision de campos/matching y definir regla de inclusion.
webs_propias_phase9_2026-06-14T20-43-58-350Z,MVP condicionado / enriquecimiento,LUGANO,luganosac.com,wordpress_sitemap_rest_html,5,45,0,61,false,low_medium,75,Go condicionado,false,Inclusion condicionada: 5 campos criticos no observados en muestra.,Completar revision de campos/matching y definir regla de inclusion.
webs_propias_phase9_2026-06-14T20-43-58-350Z,MVP condicionado / enriquecimiento,MS INMOBILIARIA,msinmobiliaria.pe,wordpress_sitemap_rest_html,5,14,2,61,false,low_medium,85,Go condicionado,false,Inclusion condicionada: 1 campos requieren revision humana; 5 campos criticos no observados en muestra.,Completar revision de campos/matching y definir regla de inclusion.
webs_propias_phase9_2026-06-14T20-43-58-350Z,Fuera de alcance,QUATRO INMOBILIARIA,quatro.pe,playwright_rendered_html,5,0,0,0,true,high,25,No-go técnico,false,No hay URLs candidatas de proyecto para extraer.,Excluir del MVP automatizado o reevaluar solo si cambia la evidencia.
webs_propias_phase9_2026-06-14T20-43-58-350Z,MVP condicionado / enriquecimiento,SEMBRA INMOBILIARIA,sembra.pe,wordpress_sitemap_rest_html,5,31,0,57,false,low_medium,73,Go condicionado,false,Inclusion condicionada: 6 campos criticos no observados en muestra.,Completar revision de campos/matching y definir regla de inclusion.
webs_propias_phase9_2026-06-14T20-43-58-350Z,MVP condicionado / enriquecimiento,TER INMOBILIARIA,terinmobiliaria.com,wordpress_sitemap_rest_html,5,14,2,64,false,low_medium,86,Go condicionado,false,Inclusion condicionada: 2 campos requieren revision humana; 5 campos criticos no observados en muestra.,Completar revision de campos/matching y definir regla de inclusion.
webs_propias_phase9_2026-06-14T20-43-58-350Z,MVP automatizable,TORATTO GRUPO INMOBILIARIO,grupotoratto.com,wordpress_sitemap_rest_html,5,30,2,71,false,low_medium,92,Go,true,"Incluido en MVP automatizable con muestra Fase 5, trazabilidad y score suficientes.",Pasar a Fase 10 y preparar automatizacion MVP.
webs_propias_phase9_2026-06-14T20-43-58-350Z,MVP condicionado / enriquecimiento,VIENNA GRUPO INMOBILIARIO,vienna.pe,wordpress_sitemap_rest_html,5,20,1,61,false,low_medium,83,Go condicionado,false,Inclusion condicionada: 4 campos criticos no observados en muestra.,Completar revision de campos/matching y definir regla de inclusion.
webs_propias_phase9_2026-06-14T20-43-58-350Z,MVP condicionado / enriquecimiento,VITAIN,vitain.pe,wordpress_sitemap_rest_html,5,27,1,61,false,low_medium,84,Go condicionado,false,Inclusion condicionada: 3 campos requieren revision humana; 5 campos criticos no observados en muestra.,Completar revision de campos/matching y definir regla de inclusion.
webs_propias_phase9_2026-06-14T20-43-58-350Z,MVP condicionado / enriquecimiento,VIVE PLM,viveplm.com,embedded_json_html,5,7,0,46,false,medium,64,Go condicionado,false,Inclusion condicionada: 7 campos criticos no observados en muestra.,Completar revision de campos/matching y definir regla de inclusion.
webs_propias_phase9_2026-06-14T20-43-58-350Z,Backlog posterior,ZAFIRA INMOBILIARIA,evolta.pe,wordpress_sitemap_rest_html,5,38,0,0,false,low_medium,57,Discovery pendiente,false,Discovery completo pero muestra Fase 5 insuficiente para decidir alcance final.,Ejecutar muestra Fase 5 para esta web antes de decidir MVP.
webs_propias_phase9_2026-06-14T20-43-58-350Z,MVP condicionado / enriquecimiento,ARTECO,arteco.pe,wordpress_sitemap_rest_html,4,13,0,50,false,low_medium,71,Go condicionado,false,Inclusion condicionada: 5 campos criticos no observados en muestra.,Completar revision de campos/matching y definir regla de inclusion.
webs_propias_phase9_2026-06-14T20-43-58-350Z,MVP condicionado / enriquecimiento,BECA INMOBILIARIA,beca.pe,wordpress_sitemap_rest_html,4,46,0,64,false,low_medium,75,Go condicionado,false,Inclusion condicionada: 5 campos criticos no observados en muestra.,Completar revision de campos/matching y definir regla de inclusion.
webs_propias_phase9_2026-06-14T20-43-58-350Z,MVP condicionado / enriquecimiento,CONFORTA INMOBILIARIA,confortainmobiliaria.com,wordpress_sitemap_rest_html,4,1,0,50,false,low_medium,64,Go condicionado,false,Inclusion condicionada: 7 campos criticos no observados en muestra.,Completar revision de campos/matching y definir regla de inclusion.
webs_propias_phase9_2026-06-14T20-43-58-350Z,MVP condicionado / enriquecimiento,DKASA,dkasa.com.pe,wordpress_sitemap_rest_html,4,38,1,64,false,low_medium,82,Go condicionado,false,Inclusion condicionada: 1 campos requieren revision humana; 5 campos criticos no observados en muestra.,Completar revision de campos/matching y definir regla de inclusion.
webs_propias_phase9_2026-06-14T20-43-58-350Z,MVP condicionado / enriquecimiento,ENACORP,enacorp.pe,wordpress_sitemap_rest_html,4,8,2,61,false,low_medium,83,Go condicionado,false,Inclusion condicionada: 2 campos requieren revision humana; 5 campos criticos no observados en muestra.,Completar revision de campos/matching y definir regla de inclusion.
webs_propias_phase9_2026-06-14T20-43-58-350Z,MVP condicionado / enriquecimiento,GRANADERO INMOBILIARIA,granadero.com.pe,wordpress_sitemap_rest_html,4,23,2,46,false,low_medium,86,Go condicionado,false,Inclusion condicionada: 1 campos requieren revision humana; 7 campos criticos no observados en muestra.,Completar revision de campos/matching y definir regla de inclusion.
webs_propias_phase9_2026-06-14T20-43-58-350Z,Backlog posterior,GRUPO BINDA,bindaingenieros.com,wordpress_sitemap_rest_html,4,56,0,0,false,low_medium,57,Discovery pendiente,false,Discovery completo pero muestra Fase 5 insuficiente para decidir alcance final.,Ejecutar muestra Fase 5 para esta web antes de decidir MVP.
webs_propias_phase9_2026-06-14T20-43-58-350Z,Fuera de alcance,IFI INMOBILIARIA,ifiperu.com,embedded_json_html,4,0,0,0,false,medium,37,No-go técnico,false,No hay URLs candidatas de proyecto para extraer.,Excluir del MVP automatizado o reevaluar solo si cambia la evidencia.
webs_propias_phase9_2026-06-14T20-43-58-350Z,MVP condicionado / enriquecimiento,LA VENTUROSA,laventurosa.com,wordpress_sitemap_rest_html,4,11,2,50,false,low_medium,85,Go condicionado,false,Inclusion condicionada: 1 campos requieren revision humana; 7 campos criticos no observados en muestra.,Completar revision de campos/matching y definir regla de inclusion.
webs_propias_phase9_2026-06-14T20-43-58-350Z,MVP condicionado / enriquecimiento,Morada,morada.pe,wordpress_sitemap_rest_html,4,16,0,57,false,low_medium,75,Go condicionado,false,Inclusion condicionada: 2 campos requieren revision humana; 6 campos criticos no observados en muestra.,Completar revision de campos/matching y definir regla de inclusion.
webs_propias_phase9_2026-06-14T20-43-58-350Z,MVP automatizable,MULTIURBE,multiurbe.com,wordpress_sitemap_rest_html,4,35,2,75,false,low_medium,93,Go,true,"Incluido en MVP automatizable con muestra Fase 5, trazabilidad y score suficientes.",Pasar a Fase 10 y preparar automatizacion MVP.
webs_propias_phase9_2026-06-14T20-43-58-350Z,MVP condicionado / enriquecimiento,ORTIZ INMOBILIARIA,oiperu.com,wordpress_sitemap_rest_html,4,33,2,64,false,low_medium,90,Go condicionado,false,Inclusion condicionada: 1 campos requieren revision humana; 5 campos criticos no observados en muestra.,Completar revision de campos/matching y definir regla de inclusion.
webs_propias_phase9_2026-06-14T20-43-58-350Z,MVP condicionado / enriquecimiento,PROMSAL,promsal.com,embedded_json_html,4,1,0,29,false,medium,54,Go condicionado,false,Inclusion condicionada: 10 campos criticos no observados en muestra.,Completar revision de campos/matching y definir regla de inclusion.
webs_propias_phase9_2026-06-14T20-43-58-350Z,MVP condicionado / enriquecimiento,SAN CHARBEL EDIFICACIONES,sancharbel.pe,embedded_json_html,4,34,0,57,false,medium,71,Go condicionado,false,Inclusion condicionada: 6 campos criticos no observados en muestra.,Completar revision de campos/matching y definir regla de inclusion.
webs_propias_phase9_2026-06-14T20-43-58-350Z,MVP condicionado / enriquecimiento,URBALIMA,urbalima.pe,wordpress_sitemap_rest_html,4,31,0,61,false,low_medium,78,Go condicionado,false,Inclusion condicionada: 2 campos requieren revision humana; 5 campos criticos no observados en muestra.,Completar revision de campos/matching y definir regla de inclusion.
webs_propias_phase9_2026-06-14T20-43-58-350Z,MVP condicionado / enriquecimiento,2K INMOBILIARIA,2kinmobiliaria.com,wordpress_sitemap_rest_html,3,10,0,64,false,low_medium,80,Go condicionado,false,Inclusion condicionada: 2 campos requieren revision humana; 5 campos criticos no observados en muestra.,Completar revision de campos/matching y definir regla de inclusion.
webs_propias_phase9_2026-06-14T20-43-58-350Z,MVP condicionado / enriquecimiento,AKAMAI,alpunto.com.pe,wordpress_sitemap_rest_html,3,1,0,57,false,low_medium,64,Go condicionado,false,Inclusion condicionada: 6 campos criticos no observados en muestra.,Completar revision de campos/matching y definir regla de inclusion.
webs_propias_phase9_2026-06-14T20-43-58-350Z,Backlog posterior,ALERCES INMOBILIARIA,evolta.pe,wordpress_sitemap_rest_html,3,20,0,0,false,low_medium,57,Discovery pendiente,false,Discovery completo pero muestra Fase 5 insuficiente para decidir alcance final.,Ejecutar muestra Fase 5 para esta web antes de decidir MVP.
webs_propias_phase9_2026-06-14T20-43-58-350Z,MVP condicionado / enriquecimiento,ANDEN,anden.com.pe,wordpress_sitemap_rest_html,3,12,0,43,false,low_medium,72,Go condicionado,false,Inclusion condicionada: 1 campos requieren revision humana; 6 campos criticos no observados en muestra.,Completar revision de campos/matching y definir regla de inclusion.
webs_propias_phase9_2026-06-14T20-43-58-350Z,MVP condicionado / enriquecimiento,ANDIAMO,andiamo.com.pe,embedded_json_html,3,8,1,54,false,medium,72,Go condicionado,false,Inclusion condicionada: 1 campos requieren revision humana; 5 campos criticos no observados en muestra.,Completar revision de campos/matching y definir regla de inclusion.
webs_propias_phase9_2026-06-14T20-43-58-350Z,MVP condicionado / enriquecimiento,ASTER HOMES,aster-homes.com,embedded_json_html,3,6,1,61,false,medium,75,Go condicionado,false,Inclusion condicionada: 3 campos criticos no observados en muestra.,Completar revision de campos/matching y definir regla de inclusion.
webs_propias_phase9_2026-06-14T20-43-58-350Z,MVP condicionado / enriquecimiento,BALANCE GRUPO INMOBILIARIO,balance.pe,wordpress_sitemap_rest_html,3,13,0,21,false,low_medium,61,Go condicionado,false,Inclusion condicionada: 11 campos criticos no observados en muestra.,Completar revision de campos/matching y definir regla de inclusion.
webs_propias_phase9_2026-06-14T20-43-58-350Z,MVP condicionado / enriquecimiento,BARQUEROS INMOBILIARIA,barqueros.com,wordpress_sitemap_rest_html,3,10,0,57,false,low_medium,71,Go condicionado,false,Inclusion condicionada: 6 campos criticos no observados en muestra.,Completar revision de campos/matching y definir regla de inclusion.
webs_propias_phase9_2026-06-14T20-43-58-350Z,MVP condicionado / enriquecimiento,CHECOR INMOBILIARIA,checor.com,wordpress_sitemap_rest_html,3,8,1,64,false,low_medium,77,Go condicionado,false,Inclusion condicionada: 1 campos requieren revision humana; 5 campos criticos no observados en muestra.,Completar revision de campos/matching y definir regla de inclusion.
webs_propias_phase9_2026-06-14T20-43-58-350Z,MVP condicionado / enriquecimiento,DITRENZZO,ditrenzzo.com,wordpress_sitemap_rest_html,3,6,1,64,false,low_medium,77,Go condicionado,false,Inclusion condicionada: 1 campos requieren revision humana; 5 campos criticos no observados en muestra.,Completar revision de campos/matching y definir regla de inclusion.
webs_propias_phase9_2026-06-14T20-43-58-350Z,Backlog posterior,ECOHABITAT DESARROLLO INMOBILIARIO,,discovery_pending,3,0,0,0,false,unknown,0,Discovery pendiente,false,Web oficial no confirmada.,Confirmar dominio oficial o mantener fuera del MVP inicial.
webs_propias_phase9_2026-06-14T20-43-58-350Z,MVP condicionado / enriquecimiento,EFICAXX GRUPO INMOBILIARIO,eficaxx.pe,wordpress_sitemap_rest_html,3,1,0,64,false,low_medium,67,Go condicionado,false,Inclusion condicionada: 5 campos criticos no observados en muestra.,Completar revision de campos/matching y definir regla de inclusion.
webs_propias_phase9_2026-06-14T20-43-58-350Z,MVP condicionado / enriquecimiento,ESPARQ EOM,esparq.com,static_html_sitemap,3,9,0,50,false,low,66,Go condicionado,false,Inclusion condicionada: 7 campos criticos no observados en muestra.,Completar revision de campos/matching y definir regla de inclusion.
webs_propias_phase9_2026-06-14T20-43-58-350Z,MVP condicionado / enriquecimiento,FLAT,flat-peru.com,wordpress_sitemap_rest_html,3,2,0,43,false,low_medium,68,Go condicionado,false,Inclusion condicionada: 1 campos requieren revision humana; 8 campos criticos no observados en muestra.,Completar revision de campos/matching y definir regla de inclusion.
webs_propias_phase9_2026-06-14T20-43-58-350Z,MVP condicionado / enriquecimiento,FRANCA INMOBILIARIA,francainmobiliaria.pe,wordpress_sitemap_rest_html,3,9,0,50,false,low_medium,73,Go condicionado,false,Inclusion condicionada: 2 campos requieren revision humana; 6 campos criticos no observados en muestra.,Completar revision de campos/matching y definir regla de inclusion.
webs_propias_phase9_2026-06-14T20-43-58-350Z,Backlog posterior,FUNDAMENTA,evolta.pe,wordpress_sitemap_rest_html,3,10,0,0,false,low_medium,55,Discovery pendiente,false,Discovery completo pero muestra Fase 5 insuficiente para decidir alcance final.,Ejecutar muestra Fase 5 para esta web antes de decidir MVP.
webs_propias_phase9_2026-06-14T20-43-58-350Z,MVP condicionado / enriquecimiento,Grupo Santa Maria,gruposantamaria.com,wordpress_sitemap_rest_html,3,29,0,54,false,low_medium,74,Go condicionado,false,Inclusion condicionada: 5 campos criticos no observados en muestra.,Completar revision de campos/matching y definir regla de inclusion.
webs_propias_phase9_2026-06-14T20-43-58-350Z,MVP condicionado / enriquecimiento,IN URBAN,inurban.pe,wordpress_sitemap_rest_html,3,5,0,36,false,low_medium,64,Go condicionado,false,Inclusion condicionada: 9 campos criticos no observados en muestra.,Completar revision de campos/matching y definir regla de inclusion.
webs_propias_phase9_2026-06-14T20-43-58-350Z,MVP condicionado / enriquecimiento,INFINITY GROUP,infinitygroup.pe,embedded_json_html,3,5,0,57,false,medium,65,Go condicionado,false,Inclusion condicionada: 5 campos criticos no observados en muestra.,Completar revision de campos/matching y definir regla de inclusion.
webs_propias_phase9_2026-06-14T20-43-58-350Z,MVP automatizable,LA MURALLA,lamuralla.com.pe,wordpress_sitemap_rest_html,3,3,0,79,false,low_medium,72,Go,true,"Incluido en MVP automatizable con muestra Fase 5, trazabilidad y score suficientes.",Pasar a Fase 10 y preparar automatizacion MVP.
webs_propias_phase9_2026-06-14T20-43-58-350Z,Backlog posterior,LIBRE INMOBILIARIA,,discovery_pending,3,0,0,0,false,unknown,0,Discovery pendiente,false,Web oficial no confirmada.,Confirmar dominio oficial o mantener fuera del MVP inicial.
webs_propias_phase9_2026-06-14T20-43-58-350Z,MVP condicionado / enriquecimiento,MAXX GRUPO INMOBILIARIO,grupomaxx.pe,wordpress_sitemap_rest_html,3,9,1,50,false,low_medium,76,Go condicionado,false,Inclusion condicionada: 7 campos criticos no observados en muestra.,Completar revision de campos/matching y definir regla de inclusion.
webs_propias_phase9_2026-06-14T20-43-58-350Z,MVP condicionado / enriquecimiento,Mohëm Inmobiliaria,fcmconstrucciones.pe,wordpress_sitemap_rest_html,3,7,0,36,false,low_medium,64,Go condicionado,false,Inclusion condicionada: 9 campos criticos no observados en muestra.,Completar revision de campos/matching y definir regla de inclusion.
webs_propias_phase9_2026-06-14T20-43-58-350Z,Fuera de alcance,MW GRUPO INMOBILIARIO,mwgrupoinmobiliario.pe,wordpress_sitemap_rest_html,3,13,0,0,false,low_medium,28,No-go legal/operativo,false,Restriccion legal/operativa: tos_restrictive.,Enviar a revision legal/operativa antes de cualquier automatizacion.
webs_propias_phase9_2026-06-14T20-43-58-350Z,MVP automatizable,PROYEC INMOBILIARIA,proyec.com.pe,wordpress_sitemap_rest_html,3,18,1,75,false,low_medium,84,Go,true,"Incluido en MVP automatizable con muestra Fase 5, trazabilidad y score suficientes.",Pasar a Fase 10 y preparar automatizacion MVP.
webs_propias_phase9_2026-06-14T20-43-58-350Z,MVP condicionado / enriquecimiento,PUERTA DE TIERRA,puertadetierra.pe,wordpress_sitemap_rest_html,3,19,0,36,false,low_medium,66,Go condicionado,false,Inclusion condicionada: 9 campos criticos no observados en muestra.,Completar revision de campos/matching y definir regla de inclusion.
webs_propias_phase9_2026-06-14T20-43-58-350Z,MVP condicionado / enriquecimiento,RB GRUPO INMOBILIARIO,rbgrupoinmobiliario.pe,wordpress_sitemap_rest_html,3,11,1,57,false,low_medium,77,Go condicionado,false,Inclusion condicionada: 1 campos requieren revision humana; 5 campos criticos no observados en muestra.,Completar revision de campos/matching y definir regla de inclusion.
webs_propias_phase9_2026-06-14T20-43-58-350Z,MVP condicionado / enriquecimiento,REDBAY INMOBILIARIA,redbayperu.pe,wordpress_sitemap_rest_html,3,18,0,50,false,low_medium,70,Go condicionado,false,Inclusion condicionada: 7 campos criticos no observados en muestra.,Completar revision de campos/matching y definir regla de inclusion.
webs_propias_phase9_2026-06-14T20-43-58-350Z,MVP condicionado / enriquecimiento,SENDA,senda.pe,wordpress_sitemap_rest_html,3,43,0,43,false,low_medium,70,Go condicionado,false,Inclusion condicionada: 8 campos criticos no observados en muestra.,Completar revision de campos/matching y definir regla de inclusion.
webs_propias_phase9_2026-06-14T20-43-58-350Z,Fuera de alcance,Tempus Inmobiliaria,tempus.pe,playwright_rendered_html,3,0,0,0,true,high,30,No-go técnico,false,No hay URLs candidatas de proyecto para extraer.,Excluir del MVP automatizado o reevaluar solo si cambia la evidencia.
webs_propias_phase9_2026-06-14T20-43-58-350Z,MVP condicionado / enriquecimiento,VIDARQ,performanceperu.pe,wordpress_sitemap_rest_html,3,33,0,43,false,low_medium,70,Go condicionado,false,Inclusion condicionada: 8 campos criticos no observados en muestra.,Completar revision de campos/matching y definir regla de inclusion.
webs_propias_phase9_2026-06-14T20-43-58-350Z,MVP condicionado / enriquecimiento,ANTARES CONTRATISTAS,antares.pe,wordpress_sitemap_rest_html,2,2,0,50,false,low_medium,65,Go condicionado,false,Inclusion condicionada: 7 campos criticos no observados en muestra.,Completar revision de campos/matching y definir regla de inclusion.
webs_propias_phase9_2026-06-14T20-43-58-350Z,Fuera de alcance,ART INMOBILIARIA,artinmobiliaria.pe,embedded_json_html,2,0,0,0,false,medium,37,No-go técnico,false,No hay URLs candidatas de proyecto para extraer.,Excluir del MVP automatizado o reevaluar solo si cambia la evidencia.
webs_propias_phase9_2026-06-14T20-43-58-350Z,MVP condicionado / enriquecimiento,BAUMHAUS,optimainmobiliaria.com,wordpress_sitemap_rest_html,2,56,0,46,false,low_medium,72,Go condicionado,false,Inclusion condicionada: 7 campos criticos no observados en muestra.,Completar revision de campos/matching y definir regla de inclusion.
webs_propias_phase9_2026-06-14T20-43-58-350Z,Fuera de alcance,Beeyond Grupo Inmobiliario,bhi.pe,wordpress_sitemap_rest_html,2,0,0,0,false,low_medium,40,No-go técnico,false,No hay URLs candidatas de proyecto para extraer.,Excluir del MVP automatizado o reevaluar solo si cambia la evidencia.
webs_propias_phase9_2026-06-14T20-43-58-350Z,Fuera de alcance,BELGICA EDIFICACIONES,belgica.com.pe,wordpress_sitemap_rest_html,2,0,0,0,false,low_medium,40,No-go técnico,false,No hay URLs candidatas de proyecto para extraer.,Excluir del MVP automatizado o reevaluar solo si cambia la evidencia.
webs_propias_phase9_2026-06-14T20-43-58-350Z,MVP condicionado / enriquecimiento,BRAZIL GRUPO INMOBILIARIO,brazilgrupoinmobiliario.com,wordpress_sitemap_rest_html,2,20,2,64,false,low_medium,91,Go condicionado,false,Inclusion condicionada: 1 campos requieren revision humana; 5 campos criticos no observados en muestra.,Completar revision de campos/matching y definir regla de inclusion.
webs_propias_phase9_2026-06-14T20-43-58-350Z,MVP condicionado / enriquecimiento,CALICANTO,grupocalicanto.pe,wordpress_sitemap_rest_html,2,3,1,61,false,low_medium,72,Go condicionado,false,Inclusion condicionada: 1 campos requieren revision humana; 3 campos criticos no observados en muestra.,Completar revision de campos/matching y definir regla de inclusion.
webs_propias_phase9_2026-06-14T20-43-58-350Z,MVP condicionado / enriquecimiento,CASAIDEAL INMOBILIARIA,casaideal.com.pe,wordpress_sitemap_rest_html,2,5,1,64,false,low_medium,78,Go condicionado,false,Inclusion condicionada: 1 campos requieren revision humana; 5 campos criticos no observados en muestra.,Completar revision de campos/matching y definir regla de inclusion.
webs_propias_phase9_2026-06-14T20-43-58-350Z,Backlog posterior,CONCRETA GRUPO INMOBILIARIO,concretaconstruye.com,embedded_json_html,2,1,0,0,false,medium,46,Discovery pendiente,false,Discovery completo pero muestra Fase 5 insuficiente para decidir alcance final.,Ejecutar muestra Fase 5 para esta web antes de decidir MVP.
webs_propias_phase9_2026-06-14T20-43-58-350Z,MVP condicionado / enriquecimiento,CONSTRUCTORA ATLAS,constructoraatlas.com.pe,static_html_sitemap,2,2,0,50,false,low,56,Go condicionado,false,Inclusion condicionada: 6 campos criticos no observados en muestra.,Completar revision de campos/matching y definir regla de inclusion.
webs_propias_phase9_2026-06-14T20-43-58-350Z,MVP condicionado / enriquecimiento,CONSTRUCTORA MALLORCA,constructoramallorca.com,wordpress_sitemap_rest_html,2,2,0,57,false,low_medium,66,Go condicionado,false,Inclusion condicionada: 5 campos criticos no observados en muestra.,Completar revision de campos/matching y definir regla de inclusion.
webs_propias_phase9_2026-06-14T20-43-58-350Z,MVP condicionado / enriquecimiento,CP BUILDING,cpbuilding.com.pe,wordpress_sitemap_rest_html,2,4,0,43,false,low_medium,62,Go condicionado,false,Inclusion condicionada: 8 campos criticos no observados en muestra.,Completar revision de campos/matching y definir regla de inclusion.
webs_propias_phase9_2026-06-14T20-43-58-350Z,MVP condicionado / enriquecimiento,DALIA INMOBILIARIA,daliainmobiliaria.com,wordpress_sitemap_rest_html,2,9,0,43,false,low_medium,66,Go condicionado,false,Inclusion condicionada: 7 campos criticos no observados en muestra.,Completar revision de campos/matching y definir regla de inclusion.
webs_propias_phase9_2026-06-14T20-43-58-350Z,MVP condicionado / enriquecimiento,EFRON ARQUITECTOS,efronarq.com,embedded_json_html,2,7,1,57,false,medium,72,Go condicionado,false,Inclusion condicionada: 1 campos requieren revision humana; 5 campos criticos no observados en muestra.,Completar revision de campos/matching y definir regla de inclusion.
webs_propias_phase9_2026-06-14T20-43-58-350Z,MVP condicionado / enriquecimiento,FAI INMOBILIARIA,flesan.com.pe,wordpress_sitemap_rest_html,2,21,0,43,false,low_medium,71,Go condicionado,false,Inclusion condicionada: 8 campos criticos no observados en muestra.,Completar revision de campos/matching y definir regla de inclusion.
webs_propias_phase9_2026-06-14T20-43-58-350Z,Fuera de alcance,GALILEA,galilea.com.pe,wordpress_sitemap_rest_html,2,0,0,0,false,low_medium,40,No-go técnico,false,No hay URLs candidatas de proyecto para extraer.,Excluir del MVP automatizado o reevaluar solo si cambia la evidencia.
webs_propias_phase9_2026-06-14T20-43-58-350Z,MVP condicionado / enriquecimiento,Gratto Inmobiliaria,grattoinmobiliaria.com,wordpress_sitemap_rest_html,2,21,1,57,false,low_medium,81,Go condicionado,false,Inclusion condicionada: 6 campos criticos no observados en muestra.,Completar revision de campos/matching y definir regla de inclusion.
webs_propias_phase9_2026-06-14T20-43-58-350Z,MVP condicionado / enriquecimiento,GRUPO BROCKSA,grupobrocksa.com,wordpress_sitemap_rest_html,2,21,0,36,false,low_medium,66,Go condicionado,false,Inclusion condicionada: 18 campos criticos no observados en muestra.,Completar revision de campos/matching y definir regla de inclusion.
webs_propias_phase9_2026-06-14T20-43-58-350Z,MVP condicionado / enriquecimiento,Grupo Magbis,magbisconstrucciones.com,wordpress_sitemap_rest_html,2,35,2,64,false,low_medium,90,Go condicionado,false,Inclusion condicionada: 5 campos criticos no observados en muestra.,Completar revision de campos/matching y definir regla de inclusion.
webs_propias_phase9_2026-06-14T20-43-58-350Z,MVP condicionado / enriquecimiento,GRUPO TOSCANA,constructoratoscana.com,wordpress_sitemap_rest_html,2,2,0,21,false,low_medium,56,Go condicionado,false,Inclusion condicionada: 11 campos criticos no observados en muestra.,Completar revision de campos/matching y definir regla de inclusion.
webs_propias_phase9_2026-06-14T20-43-58-350Z,Fuera de alcance,ICASA INMOBILIARIA,icasa.pe,playwright_rendered_html,2,0,0,0,true,high,30,No-go técnico,false,No hay URLs candidatas de proyecto para extraer.,Excluir del MVP automatizado o reevaluar solo si cambia la evidencia.
webs_propias_phase9_2026-06-14T20-43-58-350Z,MVP condicionado / enriquecimiento,INITALIA,initalia.pe,embedded_json_html,2,1,0,43,false,medium,59,Go condicionado,false,Inclusion condicionada: 8 campos criticos no observados en muestra.,Completar revision de campos/matching y definir regla de inclusion.
webs_propias_phase9_2026-06-14T20-43-58-350Z,MVP condicionado / enriquecimiento,INMOBILIARIA CESIA,icesia.com,wordpress_sitemap_rest_html,2,9,0,43,false,low_medium,71,Go condicionado,false,Inclusion condicionada: 1 campos requieren revision humana; 8 campos criticos no observados en muestra.,Completar revision de campos/matching y definir regla de inclusion.
webs_propias_phase9_2026-06-14T20-43-58-350Z,Backlog posterior,INVERDES,,discovery_pending,2,0,0,0,false,unknown,0,Discovery pendiente,false,Web oficial no confirmada.,Confirmar dominio oficial o mantener fuera del MVP inicial.
webs_propias_phase9_2026-06-14T20-43-58-350Z,MVP condicionado / enriquecimiento,INVERSIONES TIERRA BLANCA,tierrablanca.pe,wordpress_sitemap_rest_html,2,2,0,46,false,low_medium,62,Go condicionado,false,Inclusion condicionada: 5 campos criticos no observados en muestra.,Completar revision de campos/matching y definir regla de inclusion.
webs_propias_phase9_2026-06-14T20-43-58-350Z,MVP condicionado / enriquecimiento,JOPESA,jopesa.pe,wordpress_sitemap_rest_html,2,2,0,43,false,low_medium,62,Go condicionado,false,Inclusion condicionada: 8 campos criticos no observados en muestra.,Completar revision de campos/matching y definir regla de inclusion.
webs_propias_phase9_2026-06-14T20-43-58-350Z,MVP condicionado / enriquecimiento,MAAS INMOBILIARIA,maas.com.pe,wordpress_sitemap_rest_html,2,30,0,43,false,low_medium,71,Go condicionado,false,Inclusion condicionada: 8 campos criticos no observados en muestra.,Completar revision de campos/matching y definir regla de inclusion.
webs_propias_phase9_2026-06-14T20-43-58-350Z,MVP condicionado / enriquecimiento,MARTE,constructoramartesa.com,wordpress_sitemap_rest_html,2,2,0,50,false,low_medium,68,Go condicionado,false,Inclusion condicionada: 1 campos requieren revision humana; 5 campos criticos no observados en muestra.,Completar revision de campos/matching y definir regla de inclusion.
webs_propias_phase9_2026-06-14T20-43-58-350Z,MVP condicionado / enriquecimiento,MY HOME,myhomeoi.com,wordpress_sitemap_rest_html,2,11,1,57,false,low_medium,77,Go condicionado,false,Inclusion condicionada: 1 campos requieren revision humana; 5 campos criticos no observados en muestra.,Completar revision de campos/matching y definir regla de inclusion.
webs_propias_phase9_2026-06-14T20-43-58-350Z,MVP condicionado / enriquecimiento,NEXO INGENIERÍA,nexoingenieria.com,wordpress_sitemap_rest_html,2,28,2,46,false,low_medium,85,Go condicionado,false,Inclusion condicionada: 1 campos requieren revision humana; 6 campos criticos no observados en muestra.,Completar revision de campos/matching y definir regla de inclusion.
webs_propias_phase9_2026-06-14T20-43-58-350Z,MVP condicionado / enriquecimiento,ODIMA INMOBILIARIA,odima.pe,wordpress_sitemap_rest_html,2,9,2,57,false,low_medium,84,Go condicionado,false,Inclusion condicionada: 6 campos criticos no observados en muestra.,Completar revision de campos/matching y definir regla de inclusion.
webs_propias_phase9_2026-06-14T20-43-58-350Z,MVP condicionado / enriquecimiento,PADOVA,padovasac.com,static_html_sitemap,2,2,2,64,false,low,79,Go condicionado,false,Inclusion condicionada: 2 campos requieren revision humana; 5 campos criticos no observados en muestra.,Completar revision de campos/matching y definir regla de inclusion.
webs_propias_phase9_2026-06-14T20-43-58-350Z,MVP condicionado / enriquecimiento,PALACE,palacepropertiesperu.com,embedded_json_html,2,4,1,50,false,medium,62,Go condicionado,false,Inclusion condicionada: 1 campos requieren revision humana; 6 campos criticos no observados en muestra.,Completar revision de campos/matching y definir regla de inclusion.
webs_propias_phase9_2026-06-14T20-43-58-350Z,MVP condicionado / enriquecimiento,PIONERO INMOBILIARIA,pionero.pe,wordpress_sitemap_rest_html,2,3,2,57,false,low_medium,73,Go condicionado,false,Inclusion condicionada: 2 campos requieren revision humana; 5 campos criticos no observados en muestra.,Completar revision de campos/matching y definir regla de inclusion.
webs_propias_phase9_2026-06-14T20-43-58-350Z,Fuera de alcance,PISONAY INMOBILIARIA,pisonay.com.pe,embedded_json_html,2,0,0,0,false,medium,32,No-go técnico,false,No hay URLs candidatas de proyecto para extraer.,Excluir del MVP automatizado o reevaluar solo si cambia la evidencia.
webs_propias_phase9_2026-06-14T20-43-58-350Z,Backlog posterior,REAL INMOBILIARIA,,discovery_pending,2,0,0,0,false,unknown,0,Discovery pendiente,false,Web oficial no confirmada.,Confirmar dominio oficial o mantener fuera del MVP inicial.
webs_propias_phase9_2026-06-14T20-43-58-350Z,MVP condicionado / enriquecimiento,ROSIAM,rosiam.com,wordpress_sitemap_rest_html,2,7,1,57,false,low_medium,79,Go condicionado,false,Inclusion condicionada: 2 campos requieren revision humana; 6 campos criticos no observados en muestra.,Completar revision de campos/matching y definir regla de inclusion.
webs_propias_phase9_2026-06-14T20-43-58-350Z,MVP condicionado / enriquecimiento,STELLA INMOBILIARIA,stellainmobiliaria.pe,wordpress_sitemap_rest_html,2,2,0,36,false,low_medium,60,Go condicionado,false,Inclusion condicionada: 9 campos criticos no observados en muestra.,Completar revision de campos/matching y definir regla de inclusion.
webs_propias_phase9_2026-06-14T20-43-58-350Z,MVP condicionado / enriquecimiento,TRIADA,triada.com.pe,embedded_json_html,2,3,0,64,false,medium,60,Go condicionado,false,Inclusion condicionada: 5 campos criticos no observados en muestra.,Completar revision de campos/matching y definir regla de inclusion.
webs_propias_phase9_2026-06-14T20-43-58-350Z,MVP condicionado / enriquecimiento,Val Grupo Inmobiliario,val.com.pe,embedded_json_html,2,10,0,50,false,medium,68,Go condicionado,false,Inclusion condicionada: 7 campos criticos no observados en muestra.,Completar revision de campos/matching y definir regla de inclusion.
webs_propias_phase9_2026-06-14T20-43-58-350Z,Fuera de alcance,VALICO,valico.pe,wordpress_sitemap_rest_html,2,0,0,0,false,low_medium,40,No-go técnico,false,No hay URLs candidatas de proyecto para extraer.,Excluir del MVP automatizado o reevaluar solo si cambia la evidencia.
webs_propias_phase9_2026-06-14T20-43-58-350Z,MVP automatizable,VERDANT INMOBILIARIA,verdant.pe,wordpress_sitemap_rest_html,2,6,0,75,false,low_medium,73,Go,true,"Incluido en MVP automatizable con muestra Fase 5, trazabilidad y score suficientes.",Pasar a Fase 10 y preparar automatizacion MVP.
webs_propias_phase9_2026-06-14T20-43-58-350Z,Backlog posterior,VIVANS INMOBILIARIA,,discovery_pending,2,0,0,0,false,unknown,0,Discovery pendiente,false,Web oficial no confirmada.,Confirmar dominio oficial o mantener fuera del MVP inicial.
webs_propias_phase9_2026-06-14T20-43-58-350Z,MVP condicionado / enriquecimiento,Alegra Inmobiliaria,marverde.pe,wordpress_sitemap_rest_html,1,9,0,61,false,low_medium,69,Go condicionado,false,Inclusion condicionada: 4 campos criticos no observados en muestra.,Completar revision de campos/matching y definir regla de inclusion.
webs_propias_phase9_2026-06-14T20-43-58-350Z,Backlog posterior,AMMA INMOBILIARIA,,discovery_pending,1,0,0,0,false,unknown,0,Discovery pendiente,false,Web oficial no confirmada.,Confirmar dominio oficial o mantener fuera del MVP inicial.
webs_propias_phase9_2026-06-14T20-43-58-350Z,MVP automatizable,ARQUIMIA,arquimia.pe,wordpress_sitemap_rest_html,1,12,1,71,false,low_medium,81,Go,true,"Incluido en MVP automatizable con muestra Fase 5, trazabilidad y score suficientes.",Pasar a Fase 10 y preparar automatizacion MVP.
webs_propias_phase9_2026-06-14T20-43-58-350Z,MVP condicionado / enriquecimiento,Becamm Inversiones SAC,becamm.com,static_html_sitemap,1,4,0,57,false,low,57,Go condicionado,false,Inclusion condicionada: 6 campos criticos no observados en muestra.,Completar revision de campos/matching y definir regla de inclusion.
webs_propias_phase9_2026-06-14T20-43-58-350Z,Backlog posterior,Cadiz Inmobiliaria,,discovery_pending,1,0,0,0,false,unknown,0,Discovery pendiente,false,Web oficial no confirmada.,Confirmar dominio oficial o mantener fuera del MVP inicial.
webs_propias_phase9_2026-06-14T20-43-58-350Z,Fuera de alcance,CAMBRILS,mirahome.pe,wordpress_sitemap_rest_html,1,0,0,0,false,low_medium,40,No-go técnico,false,No hay URLs candidatas de proyecto para extraer.,Excluir del MVP automatizado o reevaluar solo si cambia la evidencia.
webs_propias_phase9_2026-06-14T20-43-58-350Z,MVP condicionado / enriquecimiento,CASA BONITA,casabonita.com.pe,wordpress_sitemap_rest_html,1,6,0,43,false,low_medium,66,Go condicionado,false,Inclusion condicionada: 8 campos criticos no observados en muestra.,Completar revision de campos/matching y definir regla de inclusion.
webs_propias_phase9_2026-06-14T20-43-58-350Z,MVP condicionado / enriquecimiento,CC17,cc17.pe,embedded_json_html,1,8,0,46,false,medium,64,Go condicionado,false,Inclusion condicionada: 7 campos criticos no observados en muestra.,Completar revision de campos/matching y definir regla de inclusion.
webs_propias_phase9_2026-06-14T20-43-58-350Z,Fuera de alcance,CONSTRUCTORA FRAMAN,framan.com,playwright_rendered_html,1,0,0,0,true,high,30,No-go técnico,false,No hay URLs candidatas de proyecto para extraer.,Excluir del MVP automatizado o reevaluar solo si cambia la evidencia.
webs_propias_phase9_2026-06-14T20-43-58-350Z,MVP condicionado / enriquecimiento,Cresiente,esparq.com,static_html_sitemap,1,6,0,50,false,low,66,Go condicionado,false,Inclusion condicionada: 7 campos criticos no observados en muestra.,Completar revision de campos/matching y definir regla de inclusion.
webs_propias_phase9_2026-06-14T20-43-58-350Z,Fuera de alcance,EDIFIKARTE,edifikarte.com.pe,playwright_rendered_html,1,0,0,0,true,high,30,No-go técnico,false,No hay URLs candidatas de proyecto para extraer.,Excluir del MVP automatizado o reevaluar solo si cambia la evidencia.
webs_propias_phase9_2026-06-14T20-43-58-350Z,MVP condicionado / enriquecimiento,ELSVAN CONSTRUCCIONES INMOBILIARIAS,elsvan.pe,embedded_json_html,1,14,0,43,false,medium,66,Go condicionado,false,Inclusion condicionada: 8 campos criticos no observados en muestra.,Completar revision de campos/matching y definir regla de inclusion.
webs_propias_phase9_2026-06-14T20-43-58-350Z,MVP condicionado / enriquecimiento,EUREKA,inmobiliariaeureka.com,wordpress_sitemap_rest_html,1,7,0,57,false,low_medium,72,Go condicionado,false,Inclusion condicionada: 1 campos requieren revision humana; 6 campos criticos no observados en muestra.,Completar revision de campos/matching y definir regla de inclusion.
webs_propias_phase9_2026-06-14T20-43-58-350Z,Fuera de alcance,FRANCO GRUPO INMOBILIARIO,gcfinmobiliaria.com,wordpress_sitemap_rest_html,1,0,0,0,false,low_medium,40,No-go técnico,false,No hay URLs candidatas de proyecto para extraer.,Excluir del MVP automatizado o reevaluar solo si cambia la evidencia.
webs_propias_phase9_2026-06-14T20-43-58-350Z,MVP condicionado / enriquecimiento,Galeon Inmobiliaria,galeon.com.pe,wordpress_sitemap_rest_html,1,20,0,57,false,low_medium,73,Go condicionado,false,Inclusion condicionada: 6 campos criticos no observados en muestra.,Completar revision de campos/matching y definir regla de inclusion.
webs_propias_phase9_2026-06-14T20-43-58-350Z,MVP condicionado / enriquecimiento,GHS CONSTRUCTORA,ghsconstructora.com,wordpress_sitemap_rest_html,1,21,1,54,false,low_medium,82,Go condicionado,false,Inclusion condicionada: 5 campos criticos no observados en muestra.,Completar revision de campos/matching y definir regla de inclusion.
webs_propias_phase9_2026-06-14T20-43-58-350Z,MVP condicionado / enriquecimiento,GRATIA CONSTRUCTORA,gratia.com.pe,wordpress_sitemap_rest_html,1,4,1,46,false,low_medium,72,Go condicionado,false,Inclusion condicionada: 6 campos criticos no observados en muestra.,Completar revision de campos/matching y definir regla de inclusion.
webs_propias_phase9_2026-06-14T20-43-58-350Z,Fuera de alcance,GREAL INVERSIONES,grealinversiones.com,playwright_rendered_html,1,0,0,0,true,high,25,No-go técnico,false,No hay URLs candidatas de proyecto para extraer.,Excluir del MVP automatizado o reevaluar solo si cambia la evidencia.
webs_propias_phase9_2026-06-14T20-43-58-350Z,MVP condicionado / enriquecimiento,GRUPO CHACARILLA SUR,grupochacarillasur.com,wordpress_sitemap_rest_html,1,2,0,21,false,low_medium,49,Go condicionado,false,Inclusion condicionada: 11 campos criticos no observados en muestra.,Completar revision de campos/matching y definir regla de inclusion.
webs_propias_phase9_2026-06-14T20-43-58-350Z,Fuera de alcance,Grupo DEGOL SAC,grupodegol.com,wordpress_sitemap_rest_html,1,0,0,0,false,low_medium,40,No-go técnico,false,No hay URLs candidatas de proyecto para extraer.,Excluir del MVP automatizado o reevaluar solo si cambia la evidencia.
webs_propias_phase9_2026-06-14T20-43-58-350Z,MVP condicionado / enriquecimiento,ILUMINA INMOBILIARIA,ilumina.com.pe,wordpress_sitemap_rest_html,1,9,0,21,false,low_medium,52,Go condicionado,false,Inclusion condicionada: 11 campos criticos no observados en muestra.,Completar revision de campos/matching y definir regla de inclusion.
webs_propias_phase9_2026-06-14T20-43-58-350Z,MVP condicionado / enriquecimiento,INMOBILIARIA ARES,inmobiliariaares.pe,wordpress_sitemap_rest_html,1,4,1,64,false,low_medium,80,Go condicionado,false,Inclusion condicionada: 5 campos criticos no observados en muestra.,Completar revision de campos/matching y definir regla de inclusion.
webs_propias_phase9_2026-06-14T20-43-58-350Z,Fuera de alcance,INMOBILIARIA DIEGAL,inmobiliariadiegal.com,embedded_json_html,1,0,0,0,false,medium,32,No-go técnico,false,No hay URLs candidatas de proyecto para extraer.,Excluir del MVP automatizado o reevaluar solo si cambia la evidencia.
webs_propias_phase9_2026-06-14T20-43-58-350Z,MVP condicionado / enriquecimiento,INMOBILIARIA HUANWIL,alpunto.com.pe,wordpress_sitemap_rest_html,1,1,0,57,false,low_medium,64,Go condicionado,false,Inclusion condicionada: 6 campos criticos no observados en muestra.,Completar revision de campos/matching y definir regla de inclusion.
webs_propias_phase9_2026-06-14T20-43-58-350Z,Backlog posterior,INMOBILIARIA KLEMENTS,,discovery_pending,1,0,0,0,false,unknown,0,Discovery pendiente,false,Web oficial no confirmada.,Confirmar dominio oficial o mantener fuera del MVP inicial.
webs_propias_phase9_2026-06-14T20-43-58-350Z,Backlog posterior,Inmobiliaria Las Leyendas,,discovery_pending,1,0,0,0,false,unknown,0,Discovery pendiente,false,Web oficial no confirmada.,Confirmar dominio oficial o mantener fuera del MVP inicial.
webs_propias_phase9_2026-06-14T20-43-58-350Z,MVP condicionado / enriquecimiento,INMOVISION,inmovision.pe,wordpress_sitemap_rest_html,1,12,0,43,false,low_medium,74,Go condicionado,false,Inclusion condicionada: 1 campos requieren revision humana; 8 campos criticos no observados en muestra.,Completar revision de campos/matching y definir regla de inclusion.
webs_propias_phase9_2026-06-14T20-43-58-350Z,Fuera de alcance,INVERPLUS,inverplus.pe,embedded_json_html,1,0,0,0,false,medium,37,No-go técnico,false,No hay URLs candidatas de proyecto para extraer.,Excluir del MVP automatizado o reevaluar solo si cambia la evidencia.
webs_propias_phase9_2026-06-14T20-43-58-350Z,Fuera de alcance,JK INVERSIONES INMOBILIARIAS,jkinversiones.com,playwright_rendered_html,1,0,0,0,true,high,25,No-go técnico,false,No hay URLs candidatas de proyecto para extraer.,Excluir del MVP automatizado o reevaluar solo si cambia la evidencia.
webs_propias_phase9_2026-06-14T20-43-58-350Z,MVP condicionado / enriquecimiento,KALLPA,constructorakallpa.pe,wordpress_sitemap_rest_html,1,4,0,64,false,low_medium,66,Go condicionado,false,Inclusion condicionada: 4 campos criticos no observados en muestra.,Completar revision de campos/matching y definir regla de inclusion.
webs_propias_phase9_2026-06-14T20-43-58-350Z,Fuera de alcance,LIMA METRO CUADRADO,limametrocuadrado.pe,embedded_json_html,1,2,0,21,false,medium,43,No-go técnico,false,Baja cobertura/matching insuficiente en muestra trazable.,Excluir del MVP automatizado o reevaluar solo si cambia la evidencia.
webs_propias_phase9_2026-06-14T20-43-58-350Z,MVP condicionado / enriquecimiento,LOS PORTALES,losportales.com.pe,wordpress_sitemap_rest_html,1,2,0,54,false,low_medium,66,Go condicionado,false,Inclusion condicionada: 6 campos criticos no observados en muestra.,Completar revision de campos/matching y definir regla de inclusion.
webs_propias_phase9_2026-06-14T20-43-58-350Z,MVP condicionado / enriquecimiento,MAHPSA  CORPORACION INMOBILIARIA,mahpsa.com.pe,embedded_json_html,1,2,0,71,false,medium,61,Go condicionado,false,Inclusion condicionada: 3 campos criticos no observados en muestra.,Completar revision de campos/matching y definir regla de inclusion.
webs_propias_phase9_2026-06-14T20-43-58-350Z,MVP condicionado / enriquecimiento,MC INVERSIONES INMOBILIARIAS,mcinversionesinmobiliarias.pe,wordpress_sitemap_rest_html,1,12,0,64,false,low_medium,73,Go condicionado,false,Inclusion condicionada: 4 campos criticos no observados en muestra.,Completar revision de campos/matching y definir regla de inclusion.
webs_propias_phase9_2026-06-14T20-43-58-350Z,Fuera de alcance,MIRANO,mirano.pe,embedded_json_html,1,0,0,0,false,medium,37,No-go técnico,false,No hay URLs candidatas de proyecto para extraer.,Excluir del MVP automatizado o reevaluar solo si cambia la evidencia.
webs_propias_phase9_2026-06-14T20-43-58-350Z,MVP condicionado / enriquecimiento,MUNDO VERDE,inmobiliariamundoverde.com,wordpress_sitemap_rest_html,1,12,0,39,false,low_medium,63,Go condicionado,false,Inclusion condicionada: 17 campos criticos no observados en muestra.,Completar revision de campos/matching y definir regla de inclusion.
webs_propias_phase9_2026-06-14T20-43-58-350Z,MVP condicionado / enriquecimiento,MYE GRUPO INMOBILIARIO,myegrupoinmobiliario.com,wordpress_sitemap_rest_html,1,6,1,57,false,low_medium,80,Go condicionado,false,Inclusion condicionada: 2 campos requieren revision humana; 5 campos criticos no observados en muestra.,Completar revision de campos/matching y definir regla de inclusion.
webs_propias_phase9_2026-06-14T20-43-58-350Z,MVP condicionado / enriquecimiento,NADLAN,nadlan.com.pe,wordpress_sitemap_rest_html,1,5,0,57,false,low_medium,69,Go condicionado,false,Inclusion condicionada: 6 campos criticos no observados en muestra.,Completar revision de campos/matching y definir regla de inclusion.
webs_propias_phase9_2026-06-14T20-43-58-350Z,MVP condicionado / enriquecimiento,NOI INMOBILIARIA,noi.pe,wordpress_sitemap_rest_html,1,34,0,57,false,low_medium,74,Go condicionado,false,Inclusion condicionada: 6 campos criticos no observados en muestra.,Completar revision de campos/matching y definir regla de inclusion.
webs_propias_phase9_2026-06-14T20-43-58-350Z,MVP condicionado / enriquecimiento,OLED INMOBILIARIA,oledinmobiliaria.com,wordpress_sitemap_rest_html,1,15,1,50,false,low_medium,79,Go condicionado,false,Inclusion condicionada: 1 campos requieren revision humana; 5 campos criticos no observados en muestra.,Completar revision de campos/matching y definir regla de inclusion.
webs_propias_phase9_2026-06-14T20-43-58-350Z,MVP condicionado / enriquecimiento,ORIZZONTE GRUPO INMOBILIARIO,orizzonte.pe,static_html_sitemap,1,8,0,57,false,low,67,Go condicionado,false,Inclusion condicionada: 6 campos criticos no observados en muestra.,Completar revision de campos/matching y definir regla de inclusion.
webs_propias_phase9_2026-06-14T20-43-58-350Z,MVP condicionado / enriquecimiento,PAQARI INMOBILIARIA,grupopaqari.pe,wordpress_sitemap_rest_html,1,2,0,61,false,low_medium,66,Go condicionado,false,Inclusion condicionada: 5 campos criticos no observados en muestra.,Completar revision de campos/matching y definir regla de inclusion.
webs_propias_phase9_2026-06-14T20-43-58-350Z,MVP condicionado / enriquecimiento,PRAGA DESARROLLO INMOBILIARIO,pragadi.com.pe,embedded_json_html,1,7,1,61,false,medium,69,Go condicionado,false,Inclusion condicionada: 5 campos criticos no observados en muestra.,Completar revision de campos/matching y definir regla de inclusion.
webs_propias_phase9_2026-06-14T20-43-58-350Z,Fuera de alcance,PROCITY,procity.com.pe,playwright_rendered_html,1,0,0,0,true,high,17,No-go técnico,false,No hay URLs candidatas de proyecto para extraer.,Excluir del MVP automatizado o reevaluar solo si cambia la evidencia.
webs_propias_phase9_2026-06-14T20-43-58-350Z,Backlog posterior,QOLONO INMOBILIARIA,,discovery_pending,1,0,0,0,false,unknown,0,Discovery pendiente,false,Web oficial no confirmada.,Confirmar dominio oficial o mantener fuera del MVP inicial.
webs_propias_phase9_2026-06-14T20-43-58-350Z,MVP condicionado / enriquecimiento,QUARK GRUPO INMOBILIARIO,quarkgrupoinmobiliario.com,wordpress_sitemap_rest_html,1,10,0,39,false,low_medium,68,Go condicionado,false,Inclusion condicionada: 8 campos criticos no observados en muestra.,Completar revision de campos/matching y definir regla de inclusion.
webs_propias_phase9_2026-06-14T20-43-58-350Z,MVP condicionado / enriquecimiento,TECTONICA GRUPO INMOBILIARIO,tectonica.com.pe,wordpress_sitemap_rest_html,1,13,0,50,false,low_medium,70,Go condicionado,false,Inclusion condicionada: 7 campos criticos no observados en muestra.,Completar revision de campos/matching y definir regla de inclusion.
webs_propias_phase9_2026-06-14T20-43-58-350Z,Fuera de alcance,TM GESTION INMOBILIARIA,tmgi.com.pe,blocked_or_restricted,1,20,0,0,false,not_allowed,15,No-go técnico,false,"Acceso bloqueado, login/CAPTCHA o sitio no estructurable sin evasion permitida.",Excluir del MVP automatizado o reevaluar solo si cambia la evidencia.
webs_propias_phase9_2026-06-14T20-43-58-350Z,Backlog posterior,TRIBECA INMOBILIARIA,tribeca.com.pe,wordpress_sitemap_rest_html,1,4,0,0,false,low_medium,49,Discovery pendiente,false,Discovery completo pero muestra Fase 5 insuficiente para decidir alcance final.,Ejecutar muestra Fase 5 para esta web antes de decidir MVP.
webs_propias_phase9_2026-06-14T20-43-58-350Z,MVP condicionado / enriquecimiento,VERONES GRUPO INMOBILIARIO,grupo-verones.com,embedded_json_html,1,6,0,54,false,medium,68,Go condicionado,false,Inclusion condicionada: 1 campos requieren revision humana; 6 campos criticos no observados en muestra.,Completar revision de campos/matching y definir regla de inclusion.
webs_propias_phase9_2026-06-14T20-43-58-350Z,MVP condicionado / enriquecimiento,VIBRANT,albamar.com.pe,wordpress_sitemap_rest_html,1,11,0,50,false,low_medium,74,Go condicionado,false,Inclusion condicionada: 1 campos requieren revision humana; 7 campos criticos no observados en muestra.,Completar revision de campos/matching y definir regla de inclusion.
webs_propias_phase9_2026-06-14T20-43-58-350Z,MVP condicionado / enriquecimiento,VITTORIA INMOBILIARIA,vittoriainmobiliaria.com,wordpress_sitemap_rest_html,1,8,1,64,false,low_medium,75,Go condicionado,false,Inclusion condicionada: 1 campos requieren revision humana; 5 campos criticos no observados en muestra.,Completar revision de campos/matching y definir regla de inclusion.
webs_propias_phase9_2026-06-14T20-43-58-350Z,Fuera de alcance,XYZ INMOBILIARIA,xyz.pe,wordpress_sitemap_rest_html,1,0,0,0,false,low_medium,40,No-go técnico,false,No hay URLs candidatas de proyecto para extraer.,Excluir del MVP automatizado o reevaluar solo si cambia la evidencia.
webs_propias_phase9_2026-06-14T20-43-58-350Z,MVP condicionado / enriquecimiento,YOPLAC ASOCIADOS,yoplacasociados.com,wordpress_sitemap_rest_html,1,4,0,64,false,low_medium,68,Go condicionado,false,Inclusion condicionada: 5 campos criticos no observados en muestra.,Completar revision de campos/matching y definir regla de inclusion.
